{"cameraMode":{"drawMode":0,"name":"Shaded","section":"Shading Mode"},"sceneLighting":false,"audioPlay":false,"sceneViewState":{"m_AlwaysRefresh":false,"showFog":true,"showSkybox":false,"showFlares":true,"showImageEffects":true,"showParticleSystems":true,"showVisualEffectGraphs":true,"m_FxEnabled":true},"in2DMode":false,"pivot":{"x":399.89129638671877,"y":14.321894645690918,"z":346.2901916503906},"rotation":{"x":0.23907743394374848,"y":-0.5124839544296265,"z":0.15124957263469697,"w":0.8108024001121521},"size":0.00011603619350353256,"orthographic":false}