{"cameraMode":{"drawMode":0,"name":"Shaded","section":"Shading Mode"},"sceneLighting":false,"audioPlay":false,"sceneViewState":{"m_AlwaysRefresh":false,"showFog":true,"showSkybox":false,"showFlares":true,"showImageEffects":true,"showParticleSystems":true,"showVisualEffectGraphs":true,"m_FxEnabled":true},"in2DMode":false,"pivot":{"x":368.6192626953125,"y":9.110006332397461,"z":269.94573974609377},"rotation":{"x":-0.06402869522571564,"y":0.8953820466995239,"z":-0.13701491057872773,"w":-0.41902604699134829},"size":0.26900067925453188,"orthographic":false}