{"cameraMode":{"drawMode":0,"name":"Shaded","section":"Shading Mode"},"sceneLighting":false,"audioPlay":false,"sceneViewState":{"m_AlwaysRefresh":false,"showFog":true,"showSkybox":true,"showFlares":true,"showImageEffects":true,"showParticleSystems":true,"showVisualEffectGraphs":true,"m_FxEnabled":true},"in2DMode":false,"pivot":{"x":349.2076110839844,"y":15.213716506958008,"z":341.3557434082031},"rotation":{"x":0.23240356147289277,"y":0.46688225865364077,"z":-0.1285690814256668,"w":0.8435539603233337},"size":1.0840338468551636,"orthographic":false}