{"cameraMode":{"drawMode":0,"name":"Shaded","section":"Shading Mode"},"sceneLighting":false,"audioPlay":false,"sceneViewState":{"m_AlwaysRefresh":false,"showFog":true,"showSkybox":true,"showFlares":true,"showImageEffects":true,"showParticleSystems":true,"showVisualEffectGraphs":true,"m_FxEnabled":true},"in2DMode":false,"pivot":{"x":353.3153381347656,"y":15.624176025390625,"z":348.6407470703125},"rotation":{"x":-0.0024532729294151069,"y":-0.9962146282196045,"z":0.0826810672879219,"w":-0.028107771649956704},"size":0.14276115596294404,"orthographic":false}