{"cameraMode":{"drawMode":0,"name":"Shaded","section":"Shading Mode"},"sceneLighting":true,"audioPlay":false,"sceneViewState":{"m_AlwaysRefresh":false,"showFog":true,"showSkybox":true,"showFlares":true,"showImageEffects":true,"showParticleSystems":true,"showVisualEffectGraphs":true,"m_FxEnabled":true},"in2DMode":false,"pivot":{"x":353.76873779296877,"y":17.411500930786134,"z":348.4046630859375},"rotation":{"x":0.017927369102835656,"y":-0.6724059581756592,"z":0.016415297985076906,"w":0.7398261427879334},"size":35.8712272644043,"orthographic":false}