{"cameraMode":{"drawMode":0,"name":"Shaded","section":"Shading Mode"},"sceneLighting":false,"audioPlay":false,"sceneViewState":{"m_AlwaysRefresh":false,"showFog":true,"showSkybox":false,"showFlares":true,"showImageEffects":true,"showParticleSystems":true,"showVisualEffectGraphs":true,"m_FxEnabled":true},"in2DMode":false,"pivot":{"x":400.77825927734377,"y":17.01374626159668,"z":354.7172546386719},"rotation":{"x":0.007738051470369101,"y":-0.9913613796234131,"z":0.07032804936170578,"w":0.11078779399394989},"size":3.1128413677215578,"orthographic":false}